-- INSERT tipo_habitaciones
insert into  tipo_habitaciones values ('Single',              '1',        false,125);
insert into  tipo_habitaciones values ('Double',              '2',        false, 175);
insert into  tipo_habitaciones values ('Triple',              '3',        false, 200);
insert into  tipo_habitaciones values ('Quad',                '4',        false, 350);
insert into  tipo_habitaciones values ('Queen',               'Queen x1', true,450);
insert into  tipo_habitaciones values ('King',                'King x1',  true,450 );
insert into  tipo_habitaciones values ('Twin',                '2',        false, 400 );
insert into  tipo_habitaciones values ('Hollywood Twin Room', '2',        true, 500 );
insert into  tipo_habitaciones values ('Double-double',       'Queen x2', true, 800 );
insert into  tipo_habitaciones values ('Studio',              '1',        false,500);
insert into  tipo_habitaciones values ('Suite',               'x',        false,500);
insert into  tipo_habitaciones values ('Mini Suite',          '1',        false,450);
insert into  tipo_habitaciones values ('Apartments',          '2',        true, 900 );
insert into  tipo_habitaciones values ('Conecting rooms',     '2',        true, 900);
insert into  tipo_habitaciones values ('Murphy room',         'Murphy x1',false,700);
insert into  tipo_habitaciones values ('Disabled room',       '1',        false, 450);
insert into  tipo_habitaciones values ('Cabana',              'king x5',  false, 1000);

-- INSERT tipo_de_servicios
insert into servicios values (DEFAULT,'Table Service', 250, 'Special and privileged Servers');
insert into servicios values (DEFAULT,'English Service',200, 'England Service and food');
insert into servicios values (DEFAULT,'French Service', 250, 'Privileged Servers in french Style');
insert into servicios values (DEFAULT,'American Service', 200, 'Most common Service in the world');
insert into servicios values (DEFAULT,'Russian Service', 450, 'Most expensive and privileged Service');
insert into servicios values (DEFAULT,'Robotic Service', 200, 'Faster and less expensive than French service');
insert into servicios values (DEFAULT,'King Service', 500, 'Hotel delivery robots');
insert into servicios values (DEFAULT,'Blue plate Service', 175, 'low-priced dishes included in the menus');
insert into servicios values (DEFAULT,'Plate Service', 400, 'Most elegant meals');

-- INSERT nacionalidades
INSERT INTO "nacionalidades"   VALUES ('Colombia', '+57');
INSERT INTO "nacionalidades"   VALUES ('Peru', '+51');
INSERT INTO "nacionalidades"   VALUES ('China', '+86');
INSERT INTO "nacionalidades"   VALUES ('Australia', '+43');
INSERT INTO "nacionalidades"   VALUES ('Chile', '+56');
INSERT INTO "nacionalidades"   VALUES ('Arabia Saudita', '+966');
INSERT INTO "nacionalidades"   VALUES ('Uruguay', '+598');
INSERT INTO "nacionalidades"   VALUES ('España', '+34');
INSERT INTO "nacionalidades"   VALUES ('Estados Unidos', '+1');
INSERT INTO "nacionalidades"   VALUES ('Alemania', '+49');
INSERT INTO "nacionalidades"   VALUES ('Canada', '+1');
INSERT INTO "nacionalidades"   VALUES ('Mexico', '+52');
INSERT INTO "nacionalidades"   VALUES ('Brazil', '+55');
INSERT INTO "nacionalidades"   VALUES ('India', '+91');
INSERT INTO "nacionalidades"   VALUES ('Belgica', '+32');
INSERT INTO "nacionalidades"   VALUES ('Nueva Zelanda', '+64');
INSERT INTO "nacionalidades"   VALUES ('Bolivia', '+591');

-- INSERT habitaciones
insert into habitaciones values (default, 1,'Single');
insert into habitaciones values (default, 1,'Single');
insert into habitaciones values (default, 1,'Single');
insert into habitaciones values (default, 1,'Single');
insert into habitaciones values (default, 1,'Single');
insert into habitaciones values (default, 1,'Single');
insert into habitaciones values (default, 1,'Single');
insert into habitaciones values (default, 1,'Single');
insert into habitaciones values (default, 1,'Single');
insert into habitaciones values (default, 1,'Single');

insert into habitaciones values (default, 1,'Cabana');
insert into habitaciones values (default, 1,'Cabana');
insert into habitaciones values (default, 1,'Cabana');
insert into habitaciones values (default, 1,'Cabana');
insert into habitaciones values (default, 1,'Cabana');
insert into habitaciones values (default, 1,'Cabana');
insert into habitaciones values (default, 1,'Cabana');
insert into habitaciones values (default, 1,'Cabana');
insert into habitaciones values (default, 1,'Cabana');
insert into habitaciones values (default, 1,'Cabana');

insert into habitaciones values (default, 2,'Double');
insert into habitaciones values (default, 2,'Double');
insert into habitaciones values (default, 2,'Double');
insert into habitaciones values (default, 2,'Double');
insert into habitaciones values (default, 2,'Double');
insert into habitaciones values (default, 2,'Double');
insert into habitaciones values (default, 2,'Double');
insert into habitaciones values (default, 2,'Double');
insert into habitaciones values (default, 2,'Triple');
insert into habitaciones values (default, 2,'Triple');

insert into habitaciones values (default, 3,'Triple');
insert into habitaciones values (default, 3,'Triple');
insert into habitaciones values (default, 3,'Triple');
insert into habitaciones values (default, 3,'Triple');
insert into habitaciones values (default, 3,'Quad');
insert into habitaciones values (default, 3,'Quad');
insert into habitaciones values (default, 3,'Quad');
insert into habitaciones values (default, 3,'Quad');
insert into habitaciones values (default, 3,'Quad');
insert into habitaciones values (default, 3,'Quad');


insert into habitaciones values (default, 4,'Queen');
insert into habitaciones values (default, 4,'Queen');
insert into habitaciones values (default, 4,'Queen');
insert into habitaciones values (default, 4,'Queen');
insert into habitaciones values (default, 4,'Queen');
insert into habitaciones values (default, 4,'King');
insert into habitaciones values (default, 4,'King');
insert into habitaciones values (default, 4,'King');
insert into habitaciones values (default, 4,'King');
insert into habitaciones values (default, 4,'King');


insert into habitaciones values (default, 5,'Twin');
insert into habitaciones values (default, 5,'Twin');
insert into habitaciones values (default, 5,'Twin');
insert into habitaciones values (default, 5,'Hollywood Twin Room');
insert into habitaciones values (default, 5,'Hollywood Twin Room');
insert into habitaciones values (default, 5,'Double-double');
insert into habitaciones values (default, 5,'Double-double');
insert into habitaciones values (default, 5,'Studio');
insert into habitaciones values (default, 5,'Studio');
insert into habitaciones values (default, 5,'Suite');

insert into habitaciones values (default, 6,'Suite');
insert into habitaciones values (default, 6,'Mini Suite');
insert into habitaciones values (default, 6,'Mini Suite');
insert into habitaciones values (default, 6,'Apartments');
insert into habitaciones values (default, 6,'Apartments');
insert into habitaciones values (default, 6,'Conecting rooms');
insert into habitaciones values (default, 6,'Conecting rooms');
insert into habitaciones values (default, 6,'Murphy room');
insert into habitaciones values (default, 6,'Murphy room');
insert into habitaciones values (default, 6,'Disabled room');







